順番,タブ,ファイル名,作品タイトル,仕事内容
1,personal,2025秋コンテスト大,中秋の名月,
2,works,2026超にんじゃーと原寸大,狐の嫁入り,2026年6月の超にんじゃーとSBTイラスト
3,personal,能代布団,一緒に寝ましょう,
4,personal,水着イズナ,誕生日おめでとうイズナ,
5,personal,凪紗2026,誕生日おめでとう凪紗,
6,personal,OTBN,制服御局,
7,personal,八雲べに,伸びーっ,
8,works,夏コンテスト用宇迦サマー,宇迦Summer,2024CryptoNinjaファンアートコンテスト夏の告知イラスト
9,works,ドレス白百合アップ,白百合ちゃん,pixivリクエストでの依頼
10,personal,チャイナ丸窓白百合2,白百合ちゃん,
11,personal,ドレス瀬織,純白,
12,personal,ちえりちゃん,誕生日おめちぇり,
13,personal,セスちゃん,あら、何かしら？,
14,personal,2026バレンタインオロチちゃん,受け取ってもらえるかな…,
15,personal,乳乗せ宇迦,ちょっとこの後付き合いなさいよ,
16,personal,縁側丸窓2,最高の夏,
17,personal,2024冬コンテスト半,足湯,
18,personal,バニー3,一勝負していく？,
